{
    "name": "MCP3x6x",
    "version": "0.0.1",
    "description": "Library to support Microchip MPC3x6x 16/24bit analog to digital converters.",
    "keywords": "MCP3461, MCP3462, MCP3464, MCP3561, MCP3562, MCP3564",
    "repository": {
        "type": "git",
        "url": "https://github.com/nerdyscout/Arduino_MCP3x6x_Library.git"
    },
    "license": "MIT",
    "frameworks": "Arduino",
    "platforms": "*",
    "examples": [
        {
            "name": "analogRead_Mux",
            "base": "examples/analogRead_Mux",
            "files": [
                "lib/MCP3x6x/MCP3x6x.cpp",
                "lib/MCP3x6x/MCP3x6x.h"
            ]
        },
        {
            "name": "analogRead_Scan",
            "base": "examples/analogRead_Scan",
            "files": [
                "lib/MCP3x6x/MCP3x6x.cpp",
                "lib/MCP3x6x/MCP3x6x.h"
            ]
        }
    ]
}
